bin,full_reads,full_read_pct,plot_reads,plot_read_pct,sampling_pct,median_len,mean_gc,KC_species_resolved_pct,top_KC_species,top_species_pct_all_bin_reads,top3_KC_species
4,2562702,26.49000338321744,74268,25.58962467310071,2.898034964658396,7991.0,0.44182733953016495,86.2901922766198,Bacteroides fragilis,69.07954973878387,Bacteroides fragilis: 51304 (69.1%); Phocaeicola vulgatus: 1404 (1.9%); Parabacteroides distasonis: 841 (1.1%)
5,1959140,20.251135414182617,53988,18.60199085543385,2.755698929121962,12007.0,0.37599759988584813,72.35682003408165,Enterococcus faecalis,71.50292657627621,Enterococcus faecalis: 38603 (71.5%); Bacteroides fragilis: 226 (0.4%); Porphyromonas asaccharolytica: 39 (0.1%)
3,797077,8.239183653302183,23854,8.219083682772451,2.9926845210688553,5548.5,0.5287073324962224,98.61658422067578,Porphyromonas asaccharolytica,98.53693300913893,Porphyromonas asaccharolytica: 23505 (98.5%); Bacteroides fragilis: 6 (0.0%); Porphyromonas somerae: 5 (0.0%)
22,722921,7.472651808832606,22033,7.591643782280767,3.047774238125604,4236.0,0.38592685012055306,71.53360867789225,Bacteroides fragilis,32.083692642853904,Bacteroides fragilis: 7069 (32.1%); Phocaeicola vulgatus: 1797 (8.2%); Blautia wexlerae: 1218 (5.5%)
1,556436,5.75173840834556,18476,6.366051401144621,3.3204178018676003,3590.0,0.2699225176374868,91.59991340116909,Fusobacterium nucleatum,89.03983546222126,Fusobacterium nucleatum: 16451 (89.0%); Enterococcus faecalis: 159 (0.9%); Fusobacterium animalis: 124 (0.7%)
7,476742,4.927961656455511,16557,5.704844828358492,3.4729476320525565,3542.0,0.4336971701652819,27.106359847798515,Escherichia coli,27.003684242314428,Escherichia coli: 4471 (27.0%); Klebsiella pneumoniae: 11 (0.1%); Arcanobacterium hippocoleae: 4 (0.0%)
0,431839,4.463810685364603,13611,4.689777312241797,3.15186909936342,4550.0,0.36453758281844634,3.2914554404525753,Peptostreptococcus anaerobius,2.483285577841452,Peptostreptococcus anaerobius: 338 (2.5%); Fusobacterium nucleatum: 59 (0.4%); Bacteroides fragilis: 12 (0.1%)
20,417779,4.3184760161100275,14423,4.969558311252916,3.4523037299624924,2551.0,0.557445649526444,38.06420300908272,Faecalibacterium prausnitzii,13.374471330513762,Faecalibacterium prausnitzii: 1929 (13.4%); Akkermansia muciniphila: 538 (3.7%); Bacteroides uniformis: 222 (1.5%)
2,416364,4.303849518457451,11466,3.95070065845011,2.7538403896590484,11423.5,0.5842215289255172,94.46188731903018,Klebsiella pneumoniae,94.18280132565847,Klebsiella pneumoniae: 10799 (94.2%); Escherichia coli: 14 (0.1%); Klebsiella grimontii: 5 (0.0%)
18,397514,4.109001828880728,11714,4.03615101282789,2.946814451818049,3919.0,0.326176825140462,58.80997097490183,Enterococcus faecalis,29.042171760286838,Enterococcus faecalis: 3402 (29.0%); Bacteroides fragilis: 1251 (10.7%); Megamonas funiformis: 332 (2.8%)
21,287107,2.9677525523238404,9901,3.4114675753806503,3.448540091324837,2359.0,0.55343913191923,36.47106352893647,Alistipes shahii,4.9388950611049385,Alistipes shahii: 489 (4.9%); Alistipes putredinis: 344 (3.5%); Roseburia hominis: 210 (2.1%)
9,239659,2.47729455895321,8505,2.9304647741250816,3.54879224231095,2342.0,0.4433869749838094,27.689594356261022,Phocaeicola vulgatus,9.617871840094063,Phocaeicola vulgatus: 818 (9.6%); Ruminococcus bicirculans (ex Wegman et al. 2014): 423 (5.0%); Agathobacter rectalis: 254 (3.0%)
10,137826,1.4246725550982233,3848,1.3258587243778146,2.791926051688361,4873.0,0.45486533762220194,44.49064449064449,Porphyromonas asaccharolytica,37.96777546777547,Porphyromonas asaccharolytica: 1461 (38.0%); Porphyromonas somerae: 107 (2.8%); Prevotella nigrescens: 44 (1.1%)
6,97913,1.012101953820994,2525,0.8700086484028019,2.5788199728330254,8254.0,0.5123613766095756,82.41584158415841,Klebsiella pneumoniae,50.257425742574256,Klebsiella pneumoniae: 1269 (50.3%); Bacteroides fragilis: 711 (28.2%); Escherichia coli: 61 (2.4%)
8,52248,0.5400743811673557,1550,0.5340647148611259,2.966620731894044,3084.0,0.4739776522171272,66.64516129032258,Peptostreptococcus anaerobius,19.548387096774192,Peptostreptococcus anaerobius: 303 (19.5%); Bacteroides fragilis: 193 (12.5%); Fusobacterium nucleatum: 113 (7.3%)
13,40275,0.41631250385689894,1028,0.35420550121112093,2.552451893234016,1648.5,0.39544780654350464,26.459143968871594,Escherichia coli,26.361867704280154,Escherichia coli: 271 (26.4%); Arcanobacterium hippocoleae: 1 (0.1%)
11,32931,0.34039943052790905,981,0.33801128082500936,2.9789559989068053,1604.0,0.47514003267917737,14.88277268093782,Escherichia coli,14.88277268093782,Escherichia coli: 146 (14.9%)
12,17300,0.17882573101736438,639,0.2201724856750061,3.69364161849711,2724.0,0.491837410628283,0.0,none,0.0,
17,13323,0.13771648637828587,399,0.13747859434167048,2.994820986264355,3835.0,0.3683007016308383,17.04260651629073,Fenollaria massiliensis,6.265664160401003,Fenollaria massiliensis: 25 (6.3%); Bacteroides fragilis: 17 (4.3%); Peptostreptococcus anaerobius: 8 (2.0%)
19,6825,0.07054830139846889,200,0.06891157611111302,2.93040293040293,4570.0,0.3665885788565301,16.5,Streptococcus pyogenes,9.5,Streptococcus pyogenes: 19 (9.5%); Streptococcus agalactiae: 5 (2.5%); Helcococcus ovis: 3 (1.5%)
14,5061,0.052314278883172326,124,0.04272517718889007,2.4501086741750644,4551.0,0.42282635572782284,90.3225806451613,Bacteroides fragilis,75.0,Bacteroides fragilis: 93 (75.0%); Fusobacterium nucleatum: 11 (8.9%); Enterococcus faecalis: 4 (3.2%)
16,4215,0.04356939053399947,108,0.03721225110000104,2.5622775800711746,9992.0,0.4335371942306127,72.22222222222223,Enterococcus faecalis,69.44444444444444,Enterococcus faecalis: 75 (69.4%); Peptostreptococcus anaerobius: 2 (1.9%); Bacteroides fragilis: 1 (0.9%)
15,1026,0.01060550289155005,29,0.009992178536111389,2.8265107212475633,4421.0,0.5568955559624134,100.0,Porphyromonas asaccharolytica,100.0,Porphyromonas asaccharolytica: 29 (100.0%)
